{
  "touchScreenOptimization": false,
  "enableGridLayoutSwitcher": false,
  "enableHorizontalScrolling": false,
  "showIPLocation": true,
  "language": "cmn-CN",
  "customizeFont": "recommend",
  "fontFamily": "system-ui, -apple-system, BlinkMacSystemFont, \"Segoe UI\", Inter, \"Roboto Flex\", \"Noto Sans\", Roboto, Oxygen, Ubuntu, Cantarell, \"Open Sans\", \"Helvetica Neue\", Arial, sans-serif",
  "overrideDanmakuFont": false,
  "removeTheIndentFromChinesePunctuation": false,
  "disableFrostedGlass": true,
  "reduceFrostedGlassBlur": false,
  "disableShadow": true,
  "videoCardLinkOpenMode": "newTab",
  "topBarLinkOpenMode": "currentTabIfNotHomepage",
  "searchBarLinkOpenMode": "currentTabIfNotHomepage",
  "closeDrawerWithoutPressingEscAgain": false,
  "blockAds": false,
  "blockTopSearchPageAds": false,
  "cleanUrlArgument": true,
  "enableVideoPreview": false,
  "enableVideoCtrlBarOnVideoCard": false,
  "hoverVideoCardDelayed": false,
  "autoHideTopBar": true,
  "videoPageTopBarConfig": "showOnScroll",
  "showTopBarThemeColorGradient": true,
  "showBewlyOrBiliTopBarSwitcher": false,
  "showBewlyOrBiliPageSwitcher": false,
  "topBarIconBadges": "none",
  "showWatchLaterBadge": false,
  "topBarComponentsConfig": [
    {
      "key": "moments",
      "visible": false,
      "badgeType": "number"
    },
    {
      "key": "favorites",
      "visible": true,
      "badgeType": "number"
    },
    {
      "key": "history",
      "visible": true,
      "badgeType": "number"
    },
    {
      "key": "watchLater",
      "visible": true,
      "badgeType": "none"
    },
    {
      "key": "creatorCenter",
      "visible": false,
      "badgeType": "none"
    },
    {
      "key": "upload",
      "visible": false,
      "badgeType": "none"
    },
    {
      "key": "notifications",
      "visible": false,
      "badgeType": "number"
    }
  ],
  "openNotificationsPageAsDrawer": true,
  "showBCoinReceiveReminder": true,
  "autoReceiveBCoinCoupon": false,
  "alwaysUseDock": false,
  "autoHideDock": false,
  "halfHideDock": false,
  "dockPosition": "left",
  "dockItemVisibilityList": [
    {
      "page": "Home",
      "visible": true
    },
    {
      "page": "Search",
      "visible": false
    },
    {
      "page": "Anime",
      "visible": false
    },
    {
      "page": "Favorites",
      "visible": true
    },
    {
      "page": "History",
      "visible": true
    },
    {
      "page": "WatchLater",
      "visible": true
    }
  ],
  "dockItemsConfig": [
    {
      "page": "Home",
      "visible": true,
      "openInNewTab": false,
      "useOriginalBiliPage": false
    },
    {
      "page": "Search",
      "visible": false,
      "openInNewTab": false,
      "useOriginalBiliPage": false
    },
    {
      "page": "Anime",
      "visible": false,
      "openInNewTab": false,
      "useOriginalBiliPage": false
    },
    {
      "page": "Favorites",
      "visible": true,
      "openInNewTab": false,
      "useOriginalBiliPage": false
    },
    {
      "page": "History",
      "visible": true,
      "openInNewTab": false,
      "useOriginalBiliPage": false
    },
    {
      "page": "WatchLater",
      "visible": true,
      "openInNewTab": false,
      "useOriginalBiliPage": false
    },
    {
      "page": "Moments",
      "visible": false,
      "openInNewTab": false,
      "useOriginalBiliPage": true
    }
  ],
  "disableDockGlowingEffect": false,
  "disableLightDarkModeSwitcherOnDock": true,
  "backToTopAndRefreshButtonsAreSeparated": true,
  "enableUndoRefreshButton": true,
  "sidebarPosition": "left",
  "autoHideSidebar": false,
  "theme": "auto",
  "themeColor": "#00a1d6",
  "darkModeBaseColor": "#2a2d32",
  "useLinearGradientThemeColorBackground": false,
  "wallpaperMode": "buildIn",
  "wallpaper": "",
  "enableWallpaperMasking": false,
  "wallpaperMaskOpacity": 80,
  "wallpaperBlurIntensity": 0,
  "searchPageDarkenOnSearchFocus": true,
  "searchPageBlurredOnSearchFocus": false,
  "searchPageLogoColor": "themeColor",
  "searchPageLogoGlow": true,
  "searchPageShowLogo": true,
  "searchPageSearchBarFocusCharacter": "",
  "individuallySetSearchPageWallpaper": false,
  "searchPageWallpaperMode": "buildIn",
  "searchPageWallpaper": "",
  "searchPageEnableWallpaperMasking": false,
  "searchPageWallpaperMaskOpacity": 0,
  "searchPageWallpaperBlurIntensity": 0,
  "showHotSearchInTopBar": false,
  "showHotSearchInSearchPage": false,
  "recommendationMode": "web",
  "disableFilterForFollowedUser": true,
  "filterOutVerticalVideos": true,
  "enableFilterByViewCount": true,
  "filterLikeViewRatio": true,
  "filterByLikeViewRatio": 1,
  "filterByViewCount": 1000,
  "enableFilterByDuration": true,
  "filterByDuration": 60,
  "enableFilterByTitle": true,
  "filterByTitle": [
    {
      "keyword": "激活码",
      "remark": ""
    },
    {
      "keyword": "流量卡",
      "remark": ""
    }
  ],
  "enableFilterByUser": true,
  "filterByUser": [
    {
      "keyword": "/.*短视频.*/",
      "remark": ""
    },
    {
      "keyword": "/.*程序.*/",
      "remark": ""
    },
    {
      "keyword": "/.*黑客.*/",
      "remark": ""
    },
    {
      "keyword": "/.*军情.*/",
      "remark": ""
    },
    {
      "keyword": "/.*话题.*/",
      "remark": ""
    }
  ],
  "followingTabShowLivestreamingVideos": false,
  "homePageTabVisibilityList": [
    {
      "page": "ForYou",
      "visible": true
    },
    {
      "page": "Following",
      "visible": true
    },
    {
      "page": "SubscribedSeries",
      "visible": true
    },
    {
      "page": "Trending",
      "visible": false
    },
    {
      "page": "Weekly",
      "visible": false
    },
    {
      "page": "Precious",
      "visible": false
    },
    {
      "page": "Ranking",
      "visible": false
    },
    {
      "page": "Live",
      "visible": false
    }
  ],
  "alwaysShowTabsOnHomePage": false,
  "homeAdaptiveCardMinWidth": 280,
  "homeAdaptiveTitleFontSize": 16,
  "homeAdaptiveTitleAutoSize": true,
  "useSearchPageModeOnHomePage": false,
  "searchPageModeWallpaperFixed": false,
  "preserveForYouState": false,
  "adaptToOtherPageStyles": true,
  "showTopBar": true,
  "useOriginalBilibiliTopBar": false,
  "useOriginalBilibiliHomepage": false,
  "defaultVideoPlayerMode": "default",
  "disableAutoPlayCollection": true,
  "keepCollectionVideoDefaultMode": false,
  "autoExitFullscreenOnEnd": true,
  "keyboard": true,
  "videoPlayerScroll": true,
  "shortcuts": {
    "danmuStatus": {
      "key": "Shift+D",
      "enabled": false
    },
    "webFullscreen": {
      "key": "W",
      "enabled": false
    },
    "widescreen": {
      "key": "T",
      "enabled": false
    },
    "shortStepBackward": {
      "key": "J",
      "enabled": false
    },
    "longStepBackward": {
      "key": "Shift+←",
      "enabled": true
    },
    "playPause": {
      "key": "K",
      "enabled": false
    },
    "shortStepForward": {
      "key": "L",
      "enabled": false
    },
    "longStepForward": {
      "key": "Shift+→",
      "enabled": true
    },
    "nextVideoExtended": {
      "key": "N",
      "enabled": false
    },
    "pip": {
      "key": "P",
      "enabled": false
    },
    "turnOffLight": {
      "key": "I",
      "enabled": false
    },
    "caption": {
      "key": "C",
      "enabled": false
    },
    "increasePlaybackRate": {
      "key": "+",
      "enabled": true
    },
    "decreasePlaybackRate": {
      "key": "-",
      "enabled": true
    },
    "resetPlaybackRate": {
      "key": "0",
      "enabled": true
    },
    "previousFrame": {
      "key": ",",
      "enabled": true
    },
    "nextFrame": {
      "key": ".",
      "enabled": true
    },
    "replay": {
      "key": "Shift+Backspace",
      "enabled": true
    },
    "increaseVideoSize": {
      "key": "Shift++",
      "enabled": false
    },
    "decreaseVideoSize": {
      "key": "Shift+-",
      "enabled": false
    },
    "resetVideoSize": {
      "key": "Shift+0",
      "enabled": false
    },
    "videoTitle": {
      "key": "B",
      "enabled": false
    },
    "videoTime": {
      "key": "G",
      "enabled": false
    },
    "clockTime": {
      "key": "H",
      "enabled": false
    },
    "homeRefresh": {
      "key": "R",
      "enabled": true
    }
  },
  "enableVolumeBalance": false,
  "baseVolume": 100,
  "upVolumeConfigs": [],
  "rememberPlaybackRate": true,
  "savedPlaybackRate": 1,
  "enableRandomPlay": false,
  "randomPlayMode": "manual",
  "minVideosForRandom": 5
}