{
  "AlreadyWarnedAboutAdmin": "",
  "DisabledManagers.json": "{\r\n  \u0022Winget\u0022: false,\r\n  \u0022Scoop\u0022: false,\r\n  \u0022Chocolatey\u0022: false,\r\n  \u0022Npm\u0022: false,\r\n  \u0022Pip\u0022: false,\r\n  \u0022Cargo\u0022: false,\r\n  \u0022vcpkg\u0022: false,\r\n  \u0022.NET Tool\u0022: false,\r\n  \u0022PowerShell\u0022: false,\r\n  \u0022PowerShell7\u0022: false\r\n}",
  "DisableInstantSearch.json": "{\r\n  \u0022Discover\u0022: false,\r\n  \u0022Updates\u0022: false,\r\n  \u0022Installed\u0022: false,\r\n  \u0022Bundles\u0022: false\r\n}",
  "DisableSystemTray": "",
  "DoCacheAdminRightsForBatches": "",
  "IgnoredPackageUpdates.json": "{\r\n  \u0022winget\\\\Bandisoft.Bandizip\u0022: \u0022*\u0022,\r\n  \u0022winget\\\\Adobe.Acrobat.Reader.64-bit\u0022: \u0022*\u0022,\r\n  \u0022winget\\\\Tencent.QQ.NT\u0022: \u0022*\u0022,\r\n  \u0022winget\\\\Tencent.WeChat.Universal\u0022: \u0022*\u0022,\r\n  \u0022winget\\\\Sandboxie.Plus\u0022: \u0022*\u0022\r\n}",
  "PackageListViewMode.json": "{\r\n  \u0022Discover\u0022: 0,\r\n  \u0022Updates\u0022: 0,\r\n  \u0022Installed\u0022: 0,\r\n  \u0022Bundles\u0022: 0\r\n}",
  "PreferredTheme": "auto",
  "ShownTelemetryBanner": "",
  "SidepanelWidths.json": "{\r\n  \u0022Discover\u0022: 250,\r\n  \u0022Installed\u0022: 250,\r\n  \u0022Bundles\u0022: 250,\r\n  \u0022Updates\u0022: 250\r\n}",
  "TransferredOldSettings": "",
  "TransferredOldSettingsv2": "",
  "WindowGeometry": "-9,-9,1938,1158,1"
}